"game_str","play_id","timestamp_catch","timestamp_hit","player_position","field_x_catch","field_y_catch","field_x_hit","field_y_hit","straight_distance","hit_timestamp_sec","catch_timestamp_sec","time_difference_sec","average_speed_fps","move_x","move_y","bounce_dist_from_kmeanstart","out"
"1903_01_TeamNE_TeamA2",112,3489978,3483972,9,187.0605,235.3566,138.4293,252.7245,51.6394961618527,3483.972,3489.978,6.00599999999986,8.59798470893339,48.6312,-17.3679,77.1335687221199,1
"1903_01_TeamNE_TeamA2",123,3881226,3877860,9,107.4234,256.7394,107.4105,258.2535,1.51415495244045,3877.86,3881.226,3.36599999999999,0.449838072620458,0.0129000000000019,-1.51409999999998,24.8732141051373,1
"1903_01_TeamNE_TeamA2",125,4071537,4064607,9,188.9577,227.8644,128.4324,255.5562,66.5593549197256,4064.607,4071.537,6.92999999999984,9.60452451944115,60.5253,-27.6918,79.0659318331859,1
"1903_01_TeamNE_TeamA2",214,6899013,6894393,9,121.1577,253.5636,119.2392,251.8224,2.59083378278115,6894.393,6899.013,4.61999999999989,0.560786533069527,1.91850000000001,1.74120000000002,24.2792733468282,1
"1903_01_TeamNE_TeamA2",220,7049691,7043850,9,109.0476,272.1309,126.2007,245.6577,31.5445582921999,7043.85,7049.691,5.84099999999944,5.40054071087193,-17.1531,26.4732,40.1421997475226,1
"1903_01_TeamNE_TeamA2",253,8297224,8292307,9,91.8249,247.6329,108.6726,254.9967,18.3866948016766,8292.307,8297.224,4.91699999999946,3.73941321978413,-16.8477,-7.3638,23.973356511344,1
"1903_01_TeamNE_TeamA2",298,9937920,9933927,9,140.7615,244.6056,137.7633,250.5693,6.67494726046581,9933.927,9937.92,3.99300000000039,1.6716622240083,2.99820000000003,-5.96369999999999,33.2441127661726,1
"1903_01_TeamNE_TeamA2",310,10344810,10338540,9,179.0589,239.5638,134.2938,262.3359,50.2243239518463,10338.54,10344.81,6.26999999999862,8.01025900348602,44.7651,-22.7721,69.4718845264039,1
"1903_01_TeamNE_TeamA2",314,10494631,10489582,9,154.5762,232.2519,140.1507,256.845,28.511675114942,10489.582,10494.631,5.04899999999907,5.64699447711373,14.4255,-24.5931,44.5769117374679,1
"1903_01_TeamNE_TeamA2",325,10894492,10889212,9,134.1933,254.2197,126.8031,250.176,8.42416558063764,10889.212,10894.492,5.28000000000065,1.5954859054236,7.39019999999999,4.0437,32.8486047341436,1
"1903_01_TeamNE_TeamA2",36,1013886,1009761,9,117.993,275.9904,123.1272,278.8737,5.88841477224557,1009.761,1013.886,4.125,1.42749449024135,-5.13420000000001,-2.88329999999996,44.7106624996768,1
"1903_01_TeamNE_TeamA2",87,2704709,2700386,9,108.1692,257.6076,119.3955,256.1406,11.3217445956884,2700.386,2704.709,4.32299999999987,2.61895549287272,-11.2263,1.46699999999998,25.6729625559654,1
"1903_01_TeamNE_TeamA2",91,2811134,2805722,9,134.8659,231.9354,113.6835,257.0844,32.8810929070188,2805.722,2811.134,5.41199999999981,6.07558996803769,21.1824,-25.149,24.8659839131694,1
"1903_01_TeamNE_TeamA2",94,2901752,2898221,9,113.1162,258.2514,113.913,260.4273,2.31720328197593,2898.221,2901.752,3.53099999999995,0.656245619364477,-0.79679999999999,-2.17590000000001,26.4357088877904,1
"1903_02_TeamNE_TeamA2",169,6592887,6588637,9,144.7239,305.4069,132.8418,247.2441,59.3640935604175,6588.637,6592.887,4.25,13.9680220142159,11.8821,58.1628,81.2054320770477,1
"1903_02_TeamNE_TeamA2",174,6827137,6822787,9,79.2672,273.8253,119.6049,273.5898,40.3383874434762,6822.787,6827.137,4.34999999999945,9.27319251574282,-40.3377,0.235500000000002,51.9024153188462,1
"1903_02_TeamNE_TeamA2",198,7675637,7671687,9,104.6508,306.6945,138.6144,254.1195,62.5911874784302,7671.687,7675.637,3.94999999999982,15.8458702477046,-33.9636,52.575,74.8857948538306,1
"1903_02_TeamNE_TeamA2",93,3939887,3935837,9,148.6533,278.2698,116.3949,250.6509,42.4665516350221,3935.837,3939.887,4.05000000000018,10.4855683049433,32.2584,27.6189,60.2907289135734,1
"1903_03_TeamNE_TeamA2",153,4571878,4563378,9,136.455,337.8579,114.1668,251.3433,89.3394642495689,4563.378,4571.878,8.5,10.5105252058316,22.2882,86.5146,109.113528113658,1
"1903_03_TeamNE_TeamA2",158,4697178,4691778,9,82.3089,286.3239,123.279,243.3867,59.3477231058614,4691.778,4697.178,5.39999999999964,10.9903190936788,-40.9701,42.9372,60.9744465363975,1
"1903_03_TeamNE_TeamA2",212,6608978,6602328,9,110.7594,213.7572,131.3289,254.8257,45.9317539671631,6602.328,6608.978,6.64999999999964,6.90703067175422,-20.5695,-41.0685,18.2585990755041,1
"1903_03_TeamNE_TeamA2",217,6951478,6946428,9,105.9222,310.1748,126.2529,241.3812,71.7349061716122,6946.428,6951.478,5.05000000000018,14.2049319151702,-20.3307,68.7936,78.2810820561392,1
"1903_03_TeamNE_TeamA2",267,8558778,8551528,9,119.9007,289.8246,143.5872,249.3807,46.8695992031082,8551.528,8558.778,7.25,6.46477230387699,-23.6865,40.4439,58.6660738898556,1
"1903_03_TeamNE_TeamA2",27,654428,648878,9,214.8186,219.5772,131.502,243.3624,86.6452051448896,648.878,654.428,5.54999999999995,15.611748674755,83.3166,-23.7852,105.552190246342,1
"1903_03_TeamNE_TeamA2",68,1920978,1917878,9,89.3958,277.0227,121.4868,239.3418,49.4942674035084,1917.878,1920.978,3.10000000000014,15.9658927108085,-32.091,37.6809,49.5133979133931,1
"1903_03_TeamNE_TeamA2",99,2821828,2816078,9,172.0803,193.3431,107.2626,247.569,84.5090673484212,2816.078,2821.828,5.75,14.6972291040733,64.8177,-54.2259,73.1322060770766,1
"1903_04_TeamNC_TeamA1",131,4618319,4615619,9,120.4809,222.393,114.207,253.0149,31.2580002690511,4615.619,4618.319,2.70000000000073,11.5770371366825,6.27390000000001,-30.6219,14.2177253388156,1
"1903_04_TeamNC_TeamA1",139,5002019,4997369,9,186.6369,240.2508,136.2825,242.6964,50.4137536662368,4997.369,5002.019,4.65000000000055,10.8416674551034,50.3544,-2.44560000000001,77.0797648040651,1
"1903_04_TeamNC_TeamA1",14,512119,506419,9,90.2124,281.6235,108.9732,257.2878,30.7277384642931,506.419,512.119,5.70000000000005,5.39083130952507,-18.7608,24.3357,53.4232240323438,1
"1903_04_TeamNC_TeamA1",39,1390919,1386919,9,141.4131,309.1074,147.342,273.9861,35.6182196200203,1386.919,1390.919,4,8.90455490500507,-5.92890000000003,35.1213,83.2606388779836,0
"1903_04_TeamNC_TeamA1",93,3221769,3216069,9,195.957,214.7073,113.2806,260.7183,94.6171191590613,3216.069,3221.769,5.69999999999982,16.5994945893095,82.6764,-46.011,87.679206898158,1
"1903_05_TeamND_TeamA2",192,5970812,5965662,9,123.7377,276.2823,123.579,258.2739,18.009099262595,5965.662,5970.812,5.14999999999964,3.49691247817403,0.15870000000001,18.0084,46.3642803737964,1
"1903_05_TeamND_TeamA2",205,6496612,6492062,9,133.4733,234.087,123.7038,248.1603,17.131868057512,6492.062,6496.612,4.55000000000018,3.76524572692557,9.76949999999999,-14.0733,23.5658944640342,1
"1903_05_TeamND_TeamA2",243,7870812,7866962,9,122.8575,255.3495,122.8974,260.9856,5.63624123153008,7866.962,7870.812,3.84999999999945,1.46395876143659,-0.0399000000000029,-5.63609999999997,26.6554770450652,1
"1903_05_TeamND_TeamA2",254,8161462,8155112,9,99.9504,258.9381,108.8445,260.7105,9.06898101056563,8155.112,8161.462,6.35000000000036,1.42818598591576,-8.8941,-1.7724,28.7516206807547,1
"1903_05_TeamND_TeamA2",301,9757112,9754012,9,125.4759,265.8423,125.2155,266.6469,0.845688666117729,9754.012,9757.112,3.09999999999854,0.272802795521976,0.26039999999999,-0.804599999999994,37.2129648120114,1
"1903_05_TeamND_TeamA2",308,9981762,9977512,9,116.0001,265.4115,110.7873,271.2675,7.84002677546448,9977.512,9981.762,4.25,1.84471218246223,5.2128,-5.856,33.9459796185056,1
"1903_05_TeamND_TeamA2",338,11257712,11252062,9,124.6974,278.0688,124.0854,246.1887,31.8859737190195,11252.062,11257.712,5.64999999999964,5.64353517150823,0.611999999999995,31.8801,48.3564669946017,1
"1903_05_TeamND_TeamA2",358,11937512,11932862,9,128.3868,261.8259,118.3458,272.5149,14.6654833537801,11932.862,11937.512,4.65000000000146,3.15386738790871,10.041,-10.689,35.0379611999614,1
"1903_05_TeamND_TeamA2",67,1878012,1871462,9,97.9548,229.9584,122.0229,258.7224,37.5052147522181,1871.462,1878.012,6.54999999999995,5.72598698507151,-24.0681,-28.764,12.216995277072,1
"1903_05_TeamND_TeamA2",82,2351012,2347362,9,114.9477,260.1558,117.4272,263.3223,4.02177106509059,2347.362,2351.012,3.65000000000009,1.10185508632616,-2.4795,-3.16649999999998,28.5872140812987,1
"1903_05_TeamND_TeamA2",91,2783062,2778912,9,125.3694,235.8186,118.8381,245.5335,11.7062872722311,2778.912,2783.062,4.15000000000009,2.82079211379057,6.5313,-9.7149,15.8366714406784,1
"1903_06_TeamND_TeamA2",101,3228624,3222274,9,143.9424,251.2149,127.7814,244.1244,17.6480342035593,3222.274,3228.624,6.34999999999991,2.77921798481253,16.161,7.09049999999999,39.0038318600878,1
"1903_06_TeamND_TeamA2",140,4533324,4530074,9,117.4719,264.2496,117.6711,267.3252,3.08204412687425,4530.074,4533.324,3.25,0.948321269807461,-0.19919999999999,-3.07560000000001,33.1038666891044,1
"1903_06_TeamND_TeamA2",180,6041574,6035724,9,101.214,269.2644,122.9586,255.7947,25.578515344914,6035.724,6041.574,5.84999999999945,4.37239578545579,-21.7446,13.4697,38.2861502812701,1
"1903_06_TeamND_TeamA2",204,6869274,6865724,9,129.2766,244.9515,129.5331,247.8939,2.95355887193737,6865.724,6869.274,3.55000000000018,0.831988414630202,-0.256499999999988,-2.94239999999999,23.2234506439073,1
"1903_06_TeamND_TeamA2",210,7059024,7054774,9,120.4539,244.8207,122.0226,241.0884,4.04856554596808,7054.774,7059.024,4.25,0.952603657874843,-1.56869999999999,3.73229999999998,16.5425020386881,1
"1903_06_TeamND_TeamA2",212,7125824,7120574,9,137.6928,245.703,112.3488,256.6101,27.5913603580904,7120.574,7125.824,5.25,5.25549721106483,25.344,-10.9071,30.8976274305973,1
"1903_06_TeamND_TeamA2",66,1997524,1992724,9,120.7776,247.3692,119.4495,260.2962,12.9950443866114,1992.724,1997.524,4.79999999999995,2.7073009138774,1.32810000000001,-12.927,18.7714935580523,1
"1903_07_TeamND_TeamA2",189,5775373,5769323,9,206.1171,231.0189,115.8039,250.5384,92.3985117547355,5769.323,5775.373,6.04999999999927,15.2724812817763,90.3132,-19.5195,96.1221070806295,1
"1903_07_TeamND_TeamA2",205,6439823,6435173,9,179.5104,226.7586,104.8341,254.4714,79.6526777047074,6435.173,6439.823,4.65000000000055,17.1296081085372,74.6763,-27.7128,69.7077325848431,1
"1903_07_TeamND_TeamA2",210,6583923,6578073,9,84.9276,173.7021,113.034,246.5589,78.0902236339479,6578.073,6583.923,5.84999999999945,13.3487561767445,-28.1064,-72.8568,63.4607783293744,1
"1903_07_TeamND_TeamA2",247,7818073,7814923,9,91.6545,212.0658,116.8113,235.6524,34.4846674016149,7814.923,7818.073,3.15000000000055,10.9475134608282,-25.1568,-23.5866,27.0911369250166,1
"1903_07_TeamND_TeamA2",284,9323023,9318023,9,108.4413,295.3209,120.3603,245.8461,50.8902583609083,9318.023,9323.023,5,10.1780516721817,-11.919,49.4748,63.3400814847913,1
"1903_07_TeamND_TeamA2",343,11646223,11643073,9,101.3154,212.4987,122.6217,247.8849,41.3054665889395,11643.073,11646.223,3.14999999999964,13.1128465361728,-21.3063,-35.3862,21.3476691666795,1
"1903_07_TeamND_TeamA2",85,2426423,2420973,9,67.3824,339.5835,112.3449,250.5969,99.7007592037794,2420.973,2426.423,5.44999999999982,18.2937172850977,-44.9625,88.9866,115.717195360111,0
"1903_07_TeamND_TeamA2",91,2619873,2615173,9,116.3499,284.9316,133.605,231.2886,56.3498884205639,2615.173,2619.873,4.70000000000027,11.9893379618214,-17.2551,53.643,53.3111199335561,1
"1903_07_TeamND_TeamA2",94,2702123,2698473,9,61.8735,247.5813,113.052,258.4146,52.3125152438688,2698.473,2702.123,3.65000000000009,14.332195957224,-51.1785,-10.8333,50.585935910488,1
"1903_08_TeamNJ_TeamB",132,4573617,4565767,9,228.5784,223.8942,128.388,263.6133,107.776264348742,4565.767,4573.617,7.85000000000036,13.7294604265907,100.1904,-39.7191,118.855125847395,1
"1903_08_TeamNJ_TeamB",147,5068967,5065967,9,114.6093,218.6076,120.6972,255.1767,37.0723832686813,5065.967,5068.967,3,12.3574610895604,-6.08789999999999,-36.5691,14.1634044018379,1
"1903_08_TeamNJ_TeamB",46,1605817,1600267,9,125.8902,330.8406,115.1745,257.3871,74.231010290444,1600.267,1605.817,5.54999999999995,13.3749568090891,10.7157,73.4535,100.109753093293,1
"1903_08_TeamNJ_TeamB",51,1762517,1759667,9,141.3435,225.3546,118.2354,256.1316,38.4864653431567,1759.667,1762.517,2.85000000000014,13.5040229274227,23.1081,-30.777,32.0402299213036,1
"1903_08_TeamNJ_TeamB",7,201317,198067,9,97.3314,234.267,125.5044,267.6828,43.7073634372974,198.067,201.317,3.25,13.4484195191684,-28.173,-33.4158,12.8698374100064,1
"1903_08_TeamNJ_TeamB",79,2654667,2648217,9,86.949,298.1892,124.791,261.951,52.3948862317688,2648.217,2654.667,6.44999999999982,8.12323817546827,-37.842,36.2382,70.0882215328653,1
"1903_08_TeamNJ_TeamB",80,2817767,2811517,9,96.5595,280.0875,132.6696,236.7696,56.394855992546,2811.517,2817.767,6.25,9.02317695880735,-36.1101,43.3179,49.9304986606382,1
"1903_09_TeamNJ_TeamB",131,4875065,4871965,9,137.9214,248.5137,138.1074,248.7882,0.331581437960566,4871.965,4875.065,3.09999999999945,0.106961754180847,-0.186000000000007,-0.274499999999989,32.4392796721814,1
"1903_09_TeamNJ_TeamB",137,5145915,5142915,9,125.8095,256.5549,128.3643,259.62,3.99021817072702,5142.915,5145.915,3,1.33007272357567,-2.55479999999999,-3.06510000000003,29.2041675837542,1
"1903_09_TeamNJ_TeamB",188,7268365,7264265,9,134.9097,248.9502,140.2359,247.6395,5.48510172467202,7264.265,7268.365,4.09999999999945,1.33782968894457,-5.3262,1.3107,30.1297599414599,1
"1903_09_TeamNJ_TeamB",214,8346165,8341615,9,120.1749,248.3874,133.5483,248.115,13.3761739417518,8341.615,8346.165,4.55000000000109,2.93981844873596,-13.3734,0.272400000000005,19.2892578594927,1
"1903_09_TeamNJ_TeamB",234,9024215,9020415,9,142.8117,271.3122,145.3572,275.9667,5.30508628582042,9020.415,9024.215,3.79999999999927,1.39607533837406,-2.5455,-4.65449999999998,51.2060223580196,1
"1903_09_TeamNJ_TeamB",281,10906765,10903315,9,132.8271,241.7436,134.4801,244.1262,2.89986064492763,10903.315,10906.765,3.44999999999891,0.840539317370594,-1.65299999999999,-2.38260000000002,24.8196340700261,1
"1903_09_TeamNJ_TeamB",70,2629365,2624465,9,136.5411,271.3995,134.6475,263.4753,8.14731039055219,2624.465,2629.365,4.89999999999964,1.66271640623526,1.89359999999999,7.92419999999998,47.5052690704936,1
"1903_09_TeamNJ_TeamB",85,3223215,3218865,9,121.6755,252.8148,125.3211,259.5948,7.69797371780395,3218.865,3223.215,4.35000000000036,1.7696491305295,-3.6456,-6.78000000000003,23.8657327415271,1
"1903_10_TeamNJ_TeamB",120,4149239,4143839,9,68.1516,299.6823,107.9961,245.5758,67.1944753867459,4143.839,4149.239,5.39999999999964,12.4434213679167,-39.8445,54.1065,79.5750106242531,1
"1903_10_TeamNJ_TeamB",143,5095422,5090572,9,32.6049,272.8386,111.1851,257.5797,80.0479972344718,5090.572,5095.422,4.84999999999945,16.5047416978311,-78.5802,15.2589,87.5088152929178,1
"1903_10_TeamNJ_TeamB",177,6236522,6231572,9,162.2418,155.5125,137.2503,249.0714,96.8392629126224,6231.572,6236.522,4.94999999999982,19.5634874570962,24.9915,-93.5589,92.6258242796792,1
"1903_10_TeamNJ_TeamB",179,6413372,6409972,9,126.7725,290.121,110.8998,251.1105,42.116050569112,6409.972,6413.372,3.40000000000055,12.3870736967957,15.8727,39.0105,60.4927053226255,1
"1903_10_TeamNJ_TeamB",214,7527422,7524072,9,114.4098,205.5924,136.0914,242.2572,42.5957666628974,7524.072,7527.422,3.34999999999945,12.7151542277326,-21.6816,-36.6648,26.7732641603522,1
"1903_10_TeamNJ_TeamB",216,7589822,7586272,9,157.083,186.3729,139.5729,240.6981,57.0774119687465,7586.272,7589.822,3.55000000000018,16.0781442165475,17.5101,-54.3252,65.5640232399599,1
"1903_10_TeamNJ_TeamB",225,7923572,7917372,9,112.7214,269.388,116.7585,259.9971,10.2218970460478,7917.372,7923.572,6.19999999999982,1.64869307194323,-4.0371,9.39089999999999,37.4869118754799,1
"1903_10_TeamNJ_TeamB",69,2448439,2443939,9,120.8958,178.0173,131.6181,249.8928,72.6708691123204,2443.939,2448.439,4.5,16.1490820249601,-10.7223,-71.8755,55.0713206390586,1
"1903_10_TeamNJ_TeamB",8,238589,235189,9,139.1289,278.1954,111.0126,257.7228,34.7800758545751,235.189,238.589,3.40000000000001,10.229434074875,28.1163,20.4726,54.6123410628953,1
"1903_11_TeamNC_TeamA1",102,8805386,8801336,9,91.9176,269.4984,133.7847,267.6477,41.907984357399,8801.336,8805.386,4.05000000000109,10.3476504586142,-41.8671,1.85070000000002,41.6305559934047,1
"1903_11_TeamNC_TeamA1",11,201300,195900,9,92.8338,385.1076,135.3267,303.4644,92.0394407667169,195.9,201.3,5.40000000000001,17.0443408827253,-42.4929,81.6432,154.066919227328,0
"1903_11_TeamNC_TeamA1",116,9323286,9318986,9,112.0152,190.6017,116.4078,229.5537,39.1988933359094,9318.986,9323.286,4.29999999999927,9.11602170602698,-4.3926,-38.952,41.4473192610813,1
"1903_11_TeamNC_TeamA1",124,9548586,9541636,9,135.7614,347.4561,130.8132,239.6256,107.943973493151,9541.636,9548.586,6.94999999999891,15.5315069774342,4.94820000000001,107.8305,118.295227110691,1
"1903_11_TeamNC_TeamA1",142,10205886,10201286,9,152.7243,335.4015,134.52,274.0881,63.9588114183652,10201.286,10205.886,4.60000000000036,13.9040894387739,18.2043,61.3134,111.880454113934,0
"1903_11_TeamNC_TeamA1",158,10783436,10779536,9,189.0798,200.6664,125.6274,232.8051,71.1273723924201,10779.536,10783.436,3.89999999999964,18.2377877929299,63.4524,-32.1387,85.0612088851316,0
"1903_11_TeamNC_TeamA1",169,11079686,11076936,9,130.4031,208.5825,119.8914,241.3371,34.3999950297961,11076.936,11079.686,2.75,12.509089101744,10.5117,-32.7546,31.059069462236,1
"1903_11_TeamNC_TeamA1",190,11891986,11888186,9,128.1069,237.2886,131.3439,246.8025,10.0495005950545,11888.186,11891.986,3.80000000000109,2.64460541975042,-3.237,-9.51390000000001,18.8634333452317,1
"1903_11_TeamNC_TeamA1",197,12094436,12087836,9,133.4373,351.9549,127.4115,242.0532,110.066770319338,12087.836,12094.436,6.60000000000036,16.676783381717,6.02579999999999,109.9017,122.223095466037,1
"1903_11_TeamNC_TeamA1",202,12298736,12294486,9,139.6344,225.0108,126.8922,248.3715,26.6098847297391,12294.486,12298.736,4.25,6.2611493481739,12.7422,-23.3607,30.4474396296306,1
"1903_11_TeamNC_TeamA1",205,12506436,12502836,9,101.1798,263.3412,112.8801,279.9657,20.3290683588796,12502.836,12506.436,3.60000000000036,5.64696343302155,-11.7003,-16.6245,32.5586662116248,1
"1903_11_TeamNC_TeamA1",24,767000,763750,9,146.0544,308.7015,142.3788,309.4161,3.74442098594693,763.75,767,3.25,1.15212953413752,3.67559999999997,-0.714599999999962,84.7528162458924,0
"1903_11_TeamNC_TeamA1",256,14363936,14360286,9,139.0764,290.3289,133.9821,252.7803,37.892601579332,14360.286,14363.936,3.64999999999964,10.3815346792701,5.0943,37.5486,65.1743631512422,1
"1903_11_TeamNC_TeamA1",26,823900,820050,9,90.0435,296.1027,141.3951,255.0885,65.720251248759,820.05,823.9,3.85000000000002,17.0701951295477,-51.3516,41.0142,67.1373073599173,1
"1903_11_TeamNC_TeamA1",31,944400,941250,9,108.18,225.0969,129.5112,260.889,41.6664675230574,941.25,944.4,3.14999999999998,13.2274500073199,-21.3312,-35.7921,7.13899079772484,1
"1903_11_TeamNC_TeamA1",32,1007900,1003250,9,178.1793,248.6955,125.5557,239.4426,53.4308846583135,1003.25,1007.9,4.64999999999998,11.4905128297449,52.6236,9.25290000000001,70.1937081848509,1
"1903_11_TeamNC_TeamA1",39,1336750,1333200,9,125.9574,240.435,138.7797,283.9464,45.3613635955755,1333.2,1336.75,3.54999999999995,12.7778489001623,-12.8223,-43.5114,18.0495938946005,1
"1903_12_TeamNC_TeamA1",205,7496354,7490254,9,59.4855,229.4676,142.4241,266.1675,90.6956119664563,7490.254,7496.354,6.10000000000036,14.8681331092542,-82.9386,-36.6999,50.5779374827602,1
"1903_12_TeamNC_TeamA1",61,1947248,1941098,9,92.5356,348.3447,132.3948,268.1406,89.562567412117,1941.098,1947.248,6.15000000000009,14.5630190914009,-39.8592,80.2041,117.648180969576,1
"1903_12_TeamNC_TeamA1",69,2225454,2221654,9,87.1011,280.0074,133.7325,264.6984,49.0800666967762,2221.654,2225.454,3.80000000000018,12.9158070254668,-46.6314,15.309,53.1890033368741,1
"1903_13_TeamNG_TeamA3",125,4012834,4008884,9,123.6267,169.2642,119.4015,234.3045,65.177395921669,4008.884,4012.834,3.94999999999982,16.5006065624486,4.2252,-65.0403,64.1986569526965,1
"1903_13_TeamNG_TeamA3",177,5890984,5885734,9,226.3857,232.6254,127.9773,253.1478,100.525529555034,5885.734,5890.984,5.25,19.1477199152446,98.4084,-20.5224,116.387380285192,0
"1903_13_TeamNG_TeamA3",194,6616634,6612384,9,150.5535,225.4548,120.2433,229.8525,30.627569105791,6612.384,6616.634,4.25,7.2064868484214,30.3102,-4.39769999999999,41.0782911680854,1
"1903_14_TeamNG_TeamA3",106,4276882,4273282,9,84.957,222.6924,125.2983,254.4093,51.3164908318954,4273.282,4276.882,3.59999999999945,14.2545807866398,-40.3413,-31.7169,26.71672260514,1
"1903_14_TeamNG_TeamA3",126,4958782,4952782,9,112.7079,350.9055,126.0048,254.4411,97.3765270328019,4952.782,4958.782,6,16.2294211721337,-13.2969,96.4644,118.936330247154,1
"1903_14_TeamNG_TeamA3",133,5153232,5146532,9,112.7826,246.9237,123.6555,252.2475,12.1063124381457,5146.532,5153.232,6.69999999999982,1.80691230420089,-10.8729,-5.32380000000001,15.180898670698,1
"1903_14_TeamNG_TeamA3",205,8077471,8073721,9,104.1207,189.0012,120.2517,238.4346,51.998751875021,8073.721,8077.471,3.75,13.8663338333389,-16.131,-49.4334,43.3988821276539,1
"1903_14_TeamNG_TeamA3",52,1644932,1639382,9,198.2895,233.6565,133.929,259.4922,69.3524141954698,1639.382,1644.932,5.54999999999995,12.4959304856703,64.3605,-25.8357,88.3050383755083,1
"1903_14_TeamNG_TeamA3",67,2160401,2156501,9,81.4152,247.0545,128.7243,264.9051,50.5647591032529,2156.501,2160.401,3.89999999999964,12.9653228469891,-47.3091,-17.8506,32.3067912564835,1
"1903_14_TeamNG_TeamA3",87,2844922,2840472,9,62.379,234.4071,124.3092,256.8615,65.8752590233997,2840.472,2844.922,4.44999999999982,14.803428994023,-61.9302,-22.4544,47.6817970656518,1
"1903_15_TeamNG_TeamA3",143,4727519,4722069,9,107.0838,260.2653,131.1849,252.6549,25.2741213372493,4722.069,4727.519,5.44999999999982,4.63745345637617,-24.1011,7.61040000000003,28.4153375227183,1
"1903_15_TeamNG_TeamA3",20,646969,642569,9,143.9841,206.676,133.5708,260.0148,54.3457855066058,642.569,646.969,4.40000000000009,12.3513148878647,10.4133,-53.3388,42.3818832617193,1
"1903_15_TeamNG_TeamA3",250,8468869,8462819,9,99.0048,217.4382,124.296,258.4848,48.2127386589893,8462.819,8468.869,6.05000000000109,7.9690477122282,-25.2912,-41.0466,18.2466556464466,1
"1903_15_TeamNG_TeamA3",268,9106719,9102419,9,125.9709,230.2932,128.3874,242.5146,12.4580130923835,9102.419,9106.719,4.29999999999927,2.89721234706643,-2.41650000000001,-12.2214,16.061843388914,1
"1903_15_TeamNG_TeamA3",29,923569,920819,9,118.4403,235.5399,132.6309,262.0338,30.0549474391488,920.819,923.569,2.75,10.9290717960541,-14.1906,-26.4939,9.15257101037735,1
"1903_15_TeamNG_TeamA3",301,10365969,10359619,9,231.3216,245.6583,116.3208,232.1067,115.796501947166,10359.619,10365.969,6.34999999999854,18.2356695979831,115.0008,13.5516,122.088000169755,1
"1903_15_TeamNG_TeamA3",55,1783769,1780419,9,113.5236,282.1923,137.6661,252.8214,38.0198641904465,1780.419,1783.769,3.34999999999991,11.3492131911784,-24.1425,29.3709,50.3158298773855,1
"1903_16_TeamNI_TeamA3",100,3055018,3050118,9,85.9287,317.2713,124.743,242.2458,84.4711520860228,3050.118,3055.018,4.90000000000009,17.2390106298003,-38.8143,75.0255,88.603736305982,1
"1903_16_TeamNI_TeamA3",136,4364718,4359418,9,137.5122,286.7475,132.9066,265.7964,21.4513436075692,4359.418,4364.718,5.30000000000018,4.04742332218273,4.60560000000001,20.9511,61.271607658768,1
"1903_16_TeamNI_TeamA3",204,6481268,6477718,9,165.1266,200.5908,136.1274,246.1704,54.0227131565974,6477.718,6481.268,3.55000000000018,15.217665677914,28.9992,-45.5796,63.4466695122762,1
"1903_16_TeamNI_TeamA3",26,774568,769718,9,186.2241,215.2599,131.166,243.1521,61.720087463078,769.718,774.568,4.85000000000002,12.7257912295006,55.0581,-27.8922,78.0406584340496,1
"1903_16_TeamNI_TeamA3",63,1919018,1915218,9,189.8499,222.147,134.4999,239.0625,57.8770821677285,1915.218,1919.018,3.79999999999995,15.2308110967708,55.35,-16.9155,80.45550409394,0
"1903_16_TeamNI_TeamA3",78,2416118,2410318,9,90.6153,213.1302,120.8043,250.5681,48.0933683308832,2410.318,2416.118,5.79999999999973,8.29196005704922,-30.189,-37.4379,27.0524665442913,1
"1903_17_TeamNI_TeamA3",110,4102663,4098813,9,162.4923,234.0357,119.1012,254.0106,47.7680247573625,4098.813,4102.663,3.84999999999945,12.4072791577583,43.3911,-19.9749,52.5317583351252,1
"1903_17_TeamNI_TeamA3",131,4722913,4719213,9,144.813,209.3382,128.3748,259.4094,52.7004695299767,4719.213,4722.913,3.69999999999982,14.2433701432376,16.4382,-50.0712,41.5391640291424,1
"1903_17_TeamNI_TeamA3",31,1080683,1078233,9,106.0644,238.7034,107.4906,266.9016,28.2342439190427,1078.233,1080.683,2.45000000000005,11.5241811914458,-1.42619999999999,-28.1982,7.77332097111651,1
"1903_17_TeamNI_TeamA3",40,1365883,1361383,9,167.8956,154.9896,126.87,237.2529,91.9257873626873,1361.383,1365.883,4.5,20.4279527472638,41.0256,-82.2633,96.3457430690116,0
"1903_17_TeamNI_TeamA3",63,2160283,2154483,9,61.7073,264.0696,129.7344,239.0943,72.4669024072369,2154.483,2160.283,5.79999999999973,12.4942935184897,-68.0271,24.9753,57.971062759363,1
"1903_17_TeamNI_TeamA3",71,2355633,2352483,9,100.581,207.5526,116.8971,234.9441,31.8827444154357,2352.483,2355.633,3.14999999999964,10.1215061636316,-16.3161,-27.3915,26.1991016594081,1
"1903_18_TeamNI_TeamA3",100,3095331,3092531,9,88.5255,276.9978,121.7109,255.6711,39.44741951066,3092.531,3095.331,2.80000000000018,14.0883641109491,-33.1854,21.3267,49.8593637653952,1
"1903_18_TeamNI_TeamA3",101,3240881,3237631,9,97.0023,270.5736,128.0076,261.8784,32.2014771575777,3237.631,3240.881,3.25,9.90814681771622,-31.0053,8.6952,40.7045798682409,1
"1903_18_TeamNI_TeamA3",110,3453631,3447181,9,164.154,152.085,123.7674,249.0597,105.048416930718,3447.181,3453.631,6.44999999999982,16.2865762683289,40.3866,-96.9747,96.5352937582934,1
"1903_18_TeamNI_TeamA3",14,315666,312416,9,86.1903,213.4044,126.6435,236.4744,46.5691559966465,312.416,315.666,3.25,14.3289710758912,-40.4532,-23.07,30.2108946151881,1
"1903_18_TeamNI_TeamA3",192,6150331,6147581,9,122.5872,228.8637,126.7233,213.2904,16.1131932310141,6147.581,6150.331,2.75,5.85934299309605,-4.1361,15.5733,12.9720461581818,1
"1903_18_TeamNI_TeamA3",244,8193131,8189581,9,121.7163,217.4457,125.9583,242.4585,25.3699571903462,8189.581,8193.131,3.54999999999927,7.1464668141835,-4.24199999999999,-25.0128,18.684200121493,1
"1903_18_TeamNI_TeamA3",247,8324881,8321231,9,134.9934,295.9284,118.5855,254.388,44.6634527837918,8321.231,8324.881,3.64999999999964,12.2365624065195,16.4079,41.5404,68.6404426713581,1
"1903_19_TeamNL_TeamB",102,3311401,3307151,9,127.311,322.7871,117.8994,266.4171,57.15028534102,3307.151,3311.401,4.25,13.4471259625929,9.41160000000001,56.37,92.4227690962027,0
"1903_19_TeamNL_TeamB",132,4517651,4512651,9,51.5811,271.7841,122.6037,254.1831,73.1710660832545,4512.651,4517.651,5,14.6342132166509,-71.0226,17.601,70.679151735289,1
"1903_19_TeamNL_TeamB",141,4840301,4837401,9,131.3613,230.4405,125.2473,246.4161,17.1055777850384,4837.401,4840.301,2.90000000000055,5.89847509828801,6.114,-15.9756,21.4181506657321,1
"1903_19_TeamNL_TeamB",150,5093401,5090301,9,111.366,205.1643,135.5124,242.1255,44.1495066608903,5090.301,5093.401,3.09999999999945,14.2417763422252,-24.1464,-36.9612,26.8704438089511,1
"1903_19_TeamNL_TeamB",213,7279451,7274701,9,178.2819,217.6914,125.6241,256.4538,65.3862948529736,7274.701,7279.451,4.75,13.7655357585208,52.6578,-38.7624,69.7649905150857,1
"1903_19_TeamNL_TeamB",254,8581351,8575851,9,166.6605,194.6934,120.2388,267.3987,86.2614333232413,8575.851,8581.351,5.5,15.6838969678621,46.4217,-72.7053,67.8394771781888,1
"1903_19_TeamNL_TeamB",260,8765051,8762001,9,103.7919,273.3417,130.9974,256.4151,32.0413641689926,8762.001,8765.051,3.04999999999927,10.5053653013115,-27.2055,16.9266,41.8052229332652,1
"1903_19_TeamNL_TeamB",28,856651,851151,9,217.6674,226.4541,131.3616,250.9197,89.7065030920278,851.151,856.651,5.5,16.3102732894596,86.3058,-24.4656,107.810138806932,1
"1903_19_TeamNL_TeamB",304,10462001,10457801,9,159.7941,188.3832,120.081,257.8368,80.0058301911179,10457.801,10462.001,4.20000000000073,19.0490071883581,39.7131,-69.4536,66.1957524094258,1
"1903_19_TeamNL_TeamB",41,1222451,1219551,9,96.903,264.3156,130.5684,251.4777,36.0301378511101,1219.551,1222.451,2.90000000000009,12.4241854658997,-33.6654,12.8379,34.8687454944969,1
"1903_19_TeamNL_TeamB",52,1562301,1556751,9,140.8221,181.566,107.2854,273.2157,97.5929185800896,1556.751,1562.301,5.54999999999995,17.5843096540703,33.5367,-91.6497,59.1066003455621,1
"1903_20_TeamNL_TeamB",11,401982,395282,9,55.0281,191.7996,119.3235,261.7026,94.975406659619,395.282,401.982,6.70000000000005,14.1754338297938,-64.2954,-69.903,68.1027308539826,1
"1903_20_TeamNL_TeamB",134,4395766,4391266,9,122.1783,216.4869,99.0894,270.5577,58.7941214395623,4391.266,4395.766,4.5,13.0653603199027,23.0889,-54.0708,19.7222529772843,1
"1903_20_TeamNL_TeamB",136,4460766,4456416,9,121.8378,198.756,112.476,258.0723,60.0505349262602,4456.416,4460.766,4.34999999999945,13.8047206727052,9.3618,-59.3163,35.2887665531115,1
"1903_20_TeamNL_TeamB",185,6278516,6272316,9,182.5029,195.1221,108.3921,272.3895,107.063821057349,6272.316,6278.516,6.19999999999982,17.2683582350568,74.1108,-77.2674,81.3427932691028,1
"1903_20_TeamNL_TeamB",57,2002216,1995516,9,233.1261,214.0515,125.9253,256.3881,115.257968141903,1995.516,2002.216,6.69999999999982,17.2026818122248,107.2008,-42.3366,124.427429264853,1
"1903_21_TeamNL_TeamB",215,7586758,7582608,9,68.4687,349.6458,112.7352,294.765,70.508334478202,7582.608,7586.758,4.14999999999964,16.9899601152309,-44.2665,54.8808,124.761304647435,0
"1903_21_TeamNL_TeamB",23,654808,651508,9,146.7717,221.907,119.1027,241.0275,33.6328274346657,651.508,654.808,3.29999999999995,10.1917658892928,27.669,-19.1205,38.1317003278112,1
"1903_21_TeamNL_TeamB",63,1958958,1954958,9,173.6583,227.904,119.7612,253.0125,59.4586760755737,1954.958,1958.958,4,14.8646690188934,53.8971,-25.1085,63.7899394488661,1
"1903_22_TeamNA_TeamA1",103,2941913,2939213,9,92.6757,262.9716,123.1431,248.7915,33.6056200473968,2939.213,2941.913,2.69999999999982,12.4465259434811,-30.4674,14.1801,35.4876228712209,1
"1903_22_TeamNA_TeamA1",136,3862613,3859313,9,135.8325,250.9773,121.3734,248.9547,14.5998795738184,3859.313,3862.613,3.29999999999973,4.42420593146049,14.4591,2.02260000000001,32.053954070286,1
"1903_22_TeamNA_TeamA1",138,3906613,3902913,9,106.1904,285.0339,129.5529,238.767,51.8308059155943,3902.913,3906.613,3.69999999999982,14.0083259231343,-23.3625,46.2669,53.1705520130269,1
"1903_22_TeamNA_TeamA1",142,4119613,4116213,9,132.126,237.342,130.9209,255.7308,18.4282454794264,4116.213,4119.613,3.40000000000055,5.42007219983042,1.20510000000002,-18.3888,22.761740706721,1
"1903_22_TeamNA_TeamA1",153,4540513,4537463,9,140.0289,193.5783,121.5834,236.8071,46.9996342505981,4537.463,4540.513,3.05000000000018,15.4097161477362,18.4455,-43.2288,48.7643503606887,1
"1903_22_TeamNA_TeamA1",209,6419313,6416063,9,116.0541,211.9578,135.6621,249.912,42.7199597570035,6416.063,6419.313,3.25,13.1446030021549,-19.608,-37.9542,20.9366164326999,1
"1903_22_TeamNA_TeamA1",236,7163113,7156913,9,131.3811,185.481,130.2816,243.2499,57.779362297104,7156.913,7163.113,6.20000000000073,9.31925198340277,1.09950000000001,-57.7689,51.1973514765168,1
"1903_22_TeamNA_TeamA1",249,7771363,7768413,9,113.5308,220.0632,129.2712,233.6016,20.7617067390906,7768.413,7771.363,2.95000000000073,7.03786669121541,-15.7404,-13.5384,12.4480417287218,1
"1903_22_TeamNA_TeamA1",29,717613,711763,9,227.9304,249.2316,122.4588,273.3972,108.204596158943,711.763,717.613,5.85000000000002,18.4965121639219,105.4716,-24.1656,119.182663515798,0
"1903_22_TeamNA_TeamA1",3,42113,36563,9,126.6798,183.7611,126.6147,242.9403,59.1792358065732,36.563,42.113,5.55,10.6629253705537,0.065100000000001,-59.1792,51.0412304049383,1
"1903_22_TeamNA_TeamA1",34,835613,832663,9,107.6523,249.8622,136.1331,265.2708,32.3817992489608,832.663,835.613,2.95000000000005,10.9768811013425,-28.4808,-15.4086,18.0158231599336,1
"1903_22_TeamNA_TeamA1",6,117813,110963,9,225.3558,253.3653,119.8446,250.1187,105.561137437032,110.963,117.813,6.85000000000001,15.410385027304,105.5112,3.2466,117.317674021138,1
"1903_22_TeamNA_TeamA1",62,1632863,1629063,9,157.0464,224.2185,131.8404,256.353,40.8407703924645,1629.063,1632.863,3.79999999999995,10.7475711559118,25.206,-32.1345,47.6855900163771,1
"1903_22_TeamNA_TeamA1",80,2210063,2206513,9,129.0366,216.2619,126.924,235.9101,19.7614483780921,2206.513,2210.063,3.55000000000018,5.56660517692708,2.11259999999999,-19.6482,24.6997961766894,1
"1903_23_TeamNA_TeamA1",187,5771744,5767594,9,193.0587,237.7122,126.5949,262.5165,70.9414547985168,5767.594,5771.744,4.14999999999964,17.0943264574754,66.4638,-24.8043,83.2548909946437,1
"1903_23_TeamNA_TeamA1",193,5927044,5923694,9,105.0909,213.1431,134.868,254.5701,51.0183497715283,5923.694,5927.044,3.34999999999945,15.2293581407572,-29.7771,-41.427,19.4854289257383,1
"1903_23_TeamNA_TeamA1",229,7217044,7211194,9,173.6571,303.7956,133.7937,256.3149,61.9960283570649,7211.194,7217.044,5.84999999999945,10.5976116849693,39.8634,47.4807,95.9522514575349,1
"1903_23_TeamNA_TeamA1",259,8262344,8257594,9,177.9831,207.2097,116.9658,231.4008,65.6377956553996,8257.594,8262.344,4.75,13.8184832958736,61.0173,-24.1911,72.3620125459485,1
"1903_23_TeamNA_TeamA1",52,1347210,1343510,9,148.4109,232.5945,127.9065,256.188,31.2583374735445,1343.51,1347.21,3.70000000000005,8.4481993171741,20.5044,-23.5935,38.4155003749788,1
"1903_23_TeamNA_TeamA1",6,115260,111810,9,181.266,204.2358,126.0633,237.6303,64.51767755848,111.81,115.26,3.45,18.7007761039072,55.2027,-33.3945,76.4832894012803,0
"1903_23_TeamNA_TeamA1",69,2064244,2059594,9,161.439,236.2563,114.8136,230.0046,47.0426580674392,2059.594,2064.244,4.65000000000009,10.1167006596641,46.6254,6.2517,51.6147925568824,1
"1903_23_TeamNA_TeamA1",76,2316544,2311094,9,193.9383,224.4135,127.6782,266.2836,78.3805213431245,2311.094,2316.544,5.44999999999982,14.3817470354362,66.2601,-41.8701,84.2804436933029,1
"1903_23_TeamNA_TeamA1",79,2370044,2366044,9,199.3248,232.7286,132.5214,266.8083,74.9941344616364,2366.044,2370.044,4,18.7485336154091,66.8034,-34.0797,89.3277714543467,0
"1903_23_TeamNA_TeamA1",98,3003744,2999294,9,64.7262,265.3515,134.13,262.1961,69.475492107649,2999.294,3003.744,4.45000000000027,15.6124701365494,-69.4038,3.15539999999999,56.2320150687311,1
"1903_24_TeamNA_TeamA1",105,3282169,3278019,9,179.8086,292.4034,126.4083,248.7123,68.9964075825691,3278.019,3282.169,4.15000000000009,16.6256403813416,53.4003,43.6911,92.3136575243338,0
"1903_24_TeamNA_TeamA1",115,3590669,3587119,9,101.1696,202.2948,121.1904,248.2023,50.0832405989269,3587.119,3590.669,3.54999999999973,14.1079550982904,-20.0208,-45.9075,30.9899156371875,1
"1903_24_TeamNA_TeamA1",117,3652019,3647519,9,188.2245,210.2688,128.1336,251.3613,72.7977322384427,3647.519,3652.019,4.5,16.177273830765,60.0909,-41.0925,81.1869290815338,1
"1903_24_TeamNA_TeamA1",162,5138219,5133869,9,93.2031,283.746,138.5982,255.2229,53.6123338199336,5133.869,5138.219,4.35000000000036,12.324674441363,-45.3951,28.5231,54.4039002793917,1
"1903_24_TeamNA_TeamA1",167,5273669,5267169,9,100.2312,271.9362,140.5116,253.4472,44.3210305065214,5267.169,5273.669,6.5,6.81862007792636,-40.2804,18.489,41.1136172560868,1
"1903_24_TeamNA_TeamA1",181,5889019,5886069,9,144.3465,202.1535,131.3769,247.7148,47.3713265789549,5886.069,5889.019,2.94999999999982,16.0580768064264,12.9696,-45.5613,45.5026990902737,1
"1903_24_TeamNA_TeamA1",26,760369,754819,9,78.525,234.1167,120.7797,263.8635,51.6752530940101,754.819,760.369,5.55000000000007,9.31085641333503,-42.2547,-29.7468,31.5460939561461,1
"1903_24_TeamNA_TeamA1",3,101719,97669,9,148.1451,258.4953,131.4339,232.3059,31.0668453145793,97.669,101.719,4.05,7.67082600359984,16.7112,26.1894,46.4440478005524,1
"1903_24_TeamNA_TeamA1",31,966119,960419,9,144.2757,334.4301,122.5212,260.1693,77.3816818561731,960.419,966.119,5.70000000000005,13.5757336589776,21.7545,74.2608,108.012726085865,1
"1903_24_TeamNA_TeamA1",32,1009219,1003769,9,195.5646,204.6888,124.1847,250.8522,85.006762222602,1003.769,1009.219,5.45000000000005,15.5975710500186,71.3799,-46.1634,89.8176063954056,1
"1903_24_TeamNA_TeamA1",53,1569469,1565869,9,101.181,241.6578,125.5071,221.4885,31.5999968939872,1565.869,1569.469,3.60000000000014,8.77777691499611,-24.3261,20.1693,13.0785267457768,1
"1903_24_TeamNA_TeamA1",66,2064219,2060219,9,78.3084,265.6974,140.6598,268.77,62.4270610610495,2060.219,2064.219,4,15.6067652652624,-62.3514,-3.07259999999997,46.2587535210364,1
"1903_24_TeamNA_TeamA1",80,2474169,2468919,9,47.5005,221.4309,132.1359,259.4265,92.7729300632463,2468.919,2474.169,5.25,17.6710342977612,-84.6354,-37.9956,63.3868549074648,1
"1903_24_TeamNA_TeamA1",83,2560019,2556169,9,123.8382,279.2313,136.1592,230.0829,50.6692437634508,2556.169,2560.019,3.84999999999991,13.1608425359616,-12.321,49.1484,49.2167804608347,1
"1903_25_TeamNH_TeamA3",122,4100461,4094261,9,222.7713,256.3824,123.3162,276.8481,101.538966867405,4094.261,4100.461,6.20000000000027,16.3772527205485,99.4551,-20.4657,115.377066757003,1
"1903_25_TeamNH_TeamA3",156,5371261,5366061,9,182.6697,229.1511,139.3767,269.8293,59.4053853134545,5366.061,5371.261,5.20000000000073,11.4241125602781,43.293,-40.6782,72.7255218564982,1
"1903_25_TeamNH_TeamA3",188,6417611,6413761,9,80.778,272.0544,130.488,243.3744,57.3901254572596,6413.761,6417.611,3.84999999999945,14.9065260927968,-49.71,28.68,49.5810472192752,1
"1903_25_TeamNH_TeamA3",203,6919261,6913011,9,123.6234,342.9759,122.5773,263.1486,79.8341540350996,6913.011,6919.261,6.25,12.7734646456159,1.04610000000001,79.8273,111.808977315643,1
"1903_25_TeamNH_TeamA3",217,7687261,7682011,9,130.1571,220.3749,125.9826,241.6572,21.6878478309859,7682.011,7687.261,5.25,4.1310186344735,4.17450000000001,-21.2823,23.2691132280541,1
"1903_25_TeamNH_TeamA3",27,782611,775711,9,113.8707,344.7084,125.0439,246.4659,98.875827200029,775.711,782.611,6.89999999999998,14.3298300289898,-11.1732,98.2425,112.774845373647,1
"1903_25_TeamNH_TeamA3",48,1561011,1557711,9,150.0918,291.0954,122.853,262.2495,39.6741499247306,1557.711,1561.011,3.29999999999995,12.0224696741609,27.2388,28.8459,71.411614800395,0
"1903_25_TeamNH_TeamA3",61,1962661,1957561,9,127.4736,318.0894,120.0546,246.117,72.3537692367164,1957.561,1962.661,5.10000000000014,14.1870135758264,7.41900000000001,71.9724,87.8448148118032,1
"1903_25_TeamNK_TeamB",154,5740965,5736465,9,198.648,214.2078,134.5275,254.1927,75.5660687627721,5736.465,5740.965,4.5,16.7924597250605,64.1205,-39.9849,90.4158740755184,1
"1903_25_TeamNK_TeamB",157,5981865,5976265,9,201.2565,252.7218,113.9805,262.4166,87.8128084224619,5976.265,5981.865,5.59999999999945,15.6808586468697,87.276,-9.69480000000001,93.5796013428674,1
"1903_25_TeamNK_TeamB",159,6057565,6053715,9,132.8643,292.4925,168.3306,243.4962,60.4855011501104,6053.715,6057.565,3.84999999999945,15.7105197792517,-35.4663,48.9963,64.6693031564436,1
"1903_25_TeamNK_TeamB",172,6648215,6644015,9,110.205,212.4171,129.4656,259.1493,50.5457142515565,6644.015,6648.215,4.19999999999982,12.0346938694187,-19.2606,-46.7322,19.5839729730716,1
"1903_25_TeamNK_TeamB",232,8928815,8923565,9,109.8471,209.3385,126.6366,263.8179,57.0078269591992,8923.565,8928.815,5.25,10.8586337065141,-16.7895,-54.4794,22.6620158119263,1
"1903_25_TeamNK_TeamB",250,9583965,9580365,9,78.9618,230.0391,115.7358,260.2812,47.6120960304207,9580.365,9583.965,3.60000000000036,13.2255822306711,-36.774,-30.2421,31.1000801936265,1
"1903_25_TeamNK_TeamB",255,9863465,9858465,9,139.4256,231.0582,114.0834,275.6748,51.3114811362915,9858.465,9863.465,5,10.2622962272583,25.3422,-44.6166,29.4406678354959,1
"1903_25_TeamNK_TeamB",34,1263965,1258615,9,119.5326,287.6508,110.0877,275.3301,15.5243610013424,1258.615,1263.965,5.34999999999991,2.90174971987713,9.4449,12.3207,56.4613319308002,1
"1903_25_TeamNK_TeamB",54,1921665,1916015,9,116.4489,207.4038,125.5893,254.2494,47.728996967462,1916.015,1921.665,5.64999999999986,8.44761008273685,-9.1404,-46.8456,25.4275709742398,1
"1903_25_TeamNK_TeamB",71,2654965,2651165,9,129.9249,312.4746,105.5487,283.8786,37.5756615702239,2651.165,2654.965,3.80000000000018,9.88833199216371,24.3762,28.596,82.9045407994641,0
"1903_26_TeamNH_TeamA3",11,276613,272913,9,98.2344,254.5377,133.8393,247.0239,36.3890930699022,272.913,276.613,3.69999999999999,9.8348900188925,-35.6049,7.5138,25.4239506105955,1
"1903_26_TeamNH_TeamA3",171,5641713,5637263,9,101.4906,218.7246,118.548,250.4862,36.0521029805475,5637.263,5641.713,4.44999999999982,8.10159617540426,-17.0574,-31.7616,15.7685171630055,1
"1903_26_TeamNH_TeamA3",271,9359063,9352463,9,81.7872,213.687,106.5021,270.5553,62.0066917912897,9352.463,9359.063,6.60000000000036,9.39495330171005,-24.7149,-56.8683,33.6352204220516,1
"1903_26_TeamNH_TeamA3",325,11198713,11195463,9,99.8109,193.7316,113.4729,224.0397,33.2450172147647,11195.463,11198.713,3.25,10.2292360660814,-13.662,-30.3081,39.6016186205817,1
"1903_26_TeamNH_TeamA3",91,2971363,2967613,9,65.0043,275.6046,107.958,262.4307,44.9285208403304,2967.613,2971.363,3.75,11.9809388907548,-42.9537,13.1739,62.6575945887647,1
"1903_26_TeamNK_TeamB",101,3223529,3217879,9,106.1724,251.0196,118.9041,242.6685,15.2261963766398,3217.879,3223.529,5.65000000000009,2.69490201356453,-12.7317,8.3511,19.4009202338446,1
"1903_26_TeamNK_TeamB",111,3554929,3550929,9,174.9813,225.3867,113.373,274.53,78.8076554896794,3550.929,3554.929,4,19.7019138724199,61.6083,-49.1433,65.316958644597,1
"1903_26_TeamNK_TeamB",130,4314379,4310929,9,88.1904,207.6807,132.6222,224.046,47.3498457793687,4310.929,4314.379,3.44999999999982,13.7245929795279,-44.4318,-16.3653,32.6662976881372,1
"1903_26_TeamNK_TeamB",163,5361579,5358729,9,90.99,271.7079,123.0186,250.7955,38.2512704589011,5358.729,5361.579,2.84999999999945,13.4214984066345,-32.0286,20.9124,44.0238278936532,1
"1903_26_TeamNK_TeamB",175,5799479,5793729,9,140.889,212.2785,121.1625,237.7872,32.2463730974508,5793.729,5799.479,5.75,5.60806488651319,19.7265,-25.5087,36.6478905702634,1
"1903_26_TeamNK_TeamB",188,6264179,6260529,9,128.5815,256.6713,113.4912,281.5293,29.0798438456949,6260.529,6264.179,3.64999999999964,7.96708050567063,15.0903,-24.858,30.8860030748558,1
"1903_26_TeamNK_TeamB",19,569010,565360,9,72.1932,274.6173,114.5487,244.9026,51.7392672574709,565.36,569.01,3.64999999999998,14.1751417143757,-42.3555,29.7147,56.9700656970834,1
"1903_26_TeamNK_TeamB",210,7142179,7131529,9,88.7529,252.6318,116.9685,244.245,29.4356670996259,7131.529,7142.179,10.6499999999996,2.76391240372084,-28.2156,8.38679999999999,29.6160502033948,1
"1903_26_TeamNK_TeamB",228,7754729,7749479,9,100.4496,196.3587,124.9908,243.6348,53.2663132631685,7749.479,7754.729,5.25,10.1459644310797,-24.5412,-47.2761,36.8986775623463,1
"1903_26_TeamNK_TeamB",23,680310,674610,9,144.156,142.9752,113.7465,240.8277,102.468773031104,674.61,680.31,5.69999999999993,17.9769777247554,30.4095,-97.8525,95.3522278242097,1
"1903_26_TeamNK_TeamB",250,8602129,8596979,9,188.4219,199.5486,129.6675,231.0258,66.6550346125482,8596.979,8602.129,5.15000000000146,12.9427251674814,58.7544,-31.4772,84.8710066016069,1
"1903_26_TeamNK_TeamB",3,90260,84860,9,147.5727,243.6969,122.9091,239.4132,25.0328434391701,84.86,90.26,5.40000000000001,4.63571174799445,24.6636,4.28370000000001,39.3513056314527,1
"1903_26_TeamNK_TeamB",85,2622329,2616779,9,168.9216,273.4404,118.3788,244.6866,58.1494251586377,2616.779,2622.329,5.55000000000018,10.4773739024569,50.5428,28.7538,72.0351421093899,1
"1903_27_TeamNH_TeamA3",142,7039424,7035924,9,110.5383,237.3405,123.3252,257.2704,23.6792256127602,7035.924,7039.424,3.5,6.76549303221721,-12.7869,-19.9299,5.36756063216802,1
"1903_27_TeamNH_TeamA3",151,7397574,7389624,9,61.5,205.5036,118.0524,254.4564,74.7967283616068,7389.624,7397.574,7.94999999999982,9.40839350460485,-56.5524,-48.9528,55.2658050964609,1
"1903_27_TeamNH_TeamA3",161,7856924,7851674,9,85.3422,368.9655,108.4143,272.4753,99.2102842171617,7851.674,7856.924,5.25,18.8971969937451,-23.0721,96.4902,139.167364317537,0
"1903_27_TeamNH_TeamA3",168,8011274,8008374,9,133.0866,250.6971,107.4516,269.757,31.9442172076575,8008.374,8011.274,2.90000000000055,11.0152473129833,25.635,-19.0599,29.7081242755244,1
"1903_27_TeamNH_TeamA3",202,9187524,9179724,9,72.2211,223.3794,110.3481,230.7924,38.8409667490396,9179.724,9187.524,7.79999999999927,4.97961112167221,-38.127,-7.41299999999998,38.7499681234708,1
"1903_27_TeamNH_TeamA3",239,10562024,10556624,9,157.3263,249.7917,121.0368,242.6532,36.9849427808128,10556.624,10562.024,5.39999999999964,6.84906347792877,36.2895,7.13849999999999,50.5600955357088,1
"1903_27_TeamNH_TeamA3",258,11209474,11204624,9,115.5051,289.9515,122.7351,237.7353,52.7143665658614,11204.624,11209.474,4.85000000000036,10.8689415599706,-7.23,52.2162,58.2123911058462,1
"1903_27_TeamNH_TeamA3",259,11249624,11247024,9,142.2369,202.1814,117.1296,228.9096,36.6711492665556,11247.024,11249.624,2.60000000000036,14.1042881794425,25.1073,-26.7282,43.9131714588004,1
"1903_27_TeamNH_TeamA3",35,1126807,1120507,9,114.7602,349.6116,125.0373,242.2554,107.846986341066,1120.507,1126.807,6.29999999999995,17.1185692604867,-10.2771,107.3562,117.707892507682,1
"1903_27_TeamNK_TeamB",10,250775,246848,9,132.7812,222.6141,98.5767,275.8608,63.286324598131,246.848,250.775,3.92699999999999,16.1156925383578,34.2045,-53.2467,24.6389568011716,1
"1903_27_TeamNK_TeamB",164,5934642,5929923,9,115.6683,243.2925,115.7508,244.239,0.950088680071511,5929.923,5934.642,4.71900000000005,0.2013326298096,-0.082499999999996,-0.946500000000015,12.6352752696568,1
"1903_27_TeamNK_TeamB",180,6587816,6584054,9,103.7331,284.2296,116.8209,259.3995,28.068209327458,6584.054,6587.816,3.76199999999972,7.46098068247212,-13.0878,24.8301,52.6042313105134,1
"1903_27_TeamNK_TeamB",181,6755787,6752091,9,148.6602,229.1235,121.0878,251.9472,35.7932748355051,6752.091,6755.787,3.69599999999991,9.68432760700918,27.5724,-22.8237,38.767064839758,1
"1903_27_TeamNK_TeamB",186,6889965,6883398,9,116.5632,347.7483,116.1729,242.1258,105.623221122725,6883.398,6889.965,6.56700000000001,16.0839380421387,0.390299999999996,105.6225,115.934225089617,1
"1903_27_TeamNK_TeamB",187,6938343,6935241,9,80.0367,266.4045,115.1199,260.778,35.5315131184981,6935.241,6938.343,3.10199999999986,11.4543884972597,-35.0832,5.62649999999996,45.6231187791891,1
"1903_27_TeamNK_TeamB",203,7574385,7569600,9,76.8138,326.9694,111.1182,256.3704,78.4921057200022,7569.6,7574.385,4.78499999999985,16.4037838495307,-34.3044,70.599,100.600749533987,0
"1903_27_TeamNK_TeamB",208,7810303,7804495,9,96.1332,267.5112,118.764,258.2199,24.4638787670721,7804.495,7810.303,5.80799999999999,4.21210033868321,-22.6308,9.29129999999998,38.1226109766894,1
"1903_27_TeamNK_TeamB",244,8987513,8981606,9,66.7248,187.1448,106.4919,271.4229,93.1891645097219,8981.606,8987.513,5.90700000000106,15.7760562907915,-39.7671,-84.2781,62.3276174908042,1
"1903_27_TeamNK_TeamB",254,9373745,9367904,9,208.1268,243.564,121.4718,257.1147,87.7080982320903,9367.904,9373.745,5.84100000000035,15.0159387488589,86.655,-13.5507,98.8058448384507,1
"1903_27_TeamNK_TeamB",39,1586250,1581630,9,59.9862,235.2627,118.6734,245.5407,59.5804055696166,1581.63,1586.25,4.61999999999989,12.8961916817355,-58.6872,-10.278,50.1201097537705,1
"1903_27_TeamNK_TeamB",5,145175,140423,9,93.1641,249.9123,102.0675,269.9379,21.9156379537535,140.423,145.175,4.75200000000001,4.61187667376967,-8.90339999999999,-20.0256,24.5824738401162,1
"1903_27_TeamNK_TeamB",70,2638730,2633153,9,95.5734,334.6428,120.6813,245.9211,92.2060013952454,2633.153,2638.73,5.57700000000023,16.5332618603625,-25.1079,88.7217,103.651681990212,1
"1903_27_TeamNK_TeamB",83,3089345,3085913,9,130.3503,241.7304,109.347,260.946,28.4671370926196,3085.913,3089.345,3.43199999999979,8.29462036498293,21.0033,-19.2156,22.5569367213281,1
"1903_28_TeamNF_TeamA2",116,3838301,3834351,9,94.6686,202.9122,133.8042,236.1546,51.3483431584701,3834.351,3838.301,3.94999999999982,12.9995805464487,-39.1356,-33.2424,32.8808749092843,1
"1903_28_TeamNF_TeamA2",126,4145001,4140751,9,89.3745,186.8928,135.135,226.3254,60.4065667209286,4140.751,4145.001,4.25,14.2133098166891,-45.7605,-39.4326,49.59910021452,1
"1903_28_TeamNF_TeamA2",159,5418401,5414151,9,112.6029,185.8104,116.1564,255.7488,70.0286166992466,5414.151,5418.401,4.25,16.4773215762933,-3.5535,-69.9384,46.2628818446279,1
"1903_28_TeamNF_TeamA2",254,8858501,8853701,9,112.3452,344.517,125.4405,249.909,95.5100023353052,8853.701,8858.501,4.80000000000109,19.8979171531841,-13.0953,94.608,112.541437933056,0
"1903_28_TeamNF_TeamA2",258,8960901,8956101,9,161.4351,199.5,125.6529,242.2758,55.7685834720589,8956.101,8960.901,4.79999999999927,11.618454890014,35.7822,-42.7758,60.8425797612988,1
"1903_28_TeamNF_TeamA2",270,9455601,9450801,9,124.299,184.0878,131.865,253.371,69.6950942193208,9450.801,9455.601,4.80000000000109,14.5198112956885,-7.566,-69.2832,50.0004030967751,1
"1903_28_TeamNF_TeamA2",282,9938701,9933801,9,161.193,192.5148,134.3562,262.6605,75.1041481060134,9933.801,9938.701,4.89999999999964,15.3273771644937,26.8368,-70.1457,64.6514057700217,1
"1903_28_TeamNF_TeamA2",45,1435001,1431301,9,70.3455,226.7379,131.0847,231.4098,60.9186101798949,1431.301,1435.001,3.70000000000005,16.4644892378092,-60.7392,-4.67189999999999,40.0021132774257,1
"1903_29_TeamNF_TeamA2",125,4224071,4218371,9,109.584,345.777,139.3197,239.7282,110.138820748771,4218.371,4224.071,5.69999999999982,19.322600131364,-29.7357,106.0488,113.777760502657,1
"1903_29_TeamNF_TeamA2",171,5558271,5555571,9,96.9192,245.6538,116.9388,240.5529,20.6592246943103,5555.571,5558.271,2.69999999999982,7.65156470159692,-20.0196,5.1009,18.9085584611836,1
"1903_29_TeamNF_TeamA2",187,6261371,6255871,9,108.6747,150.7626,126.7467,251.1375,101.988811808012,6255.871,6261.371,5.5,18.5434203287294,-18.072,-100.3749,81.2482096962758,1
"1903_29_TeamNF_TeamA2",201,6705271,6698521,9,188.1699,187.0194,134.4942,248.424,81.5573765618414,6698.521,6705.271,6.75,12.082574305458,53.6757,-61.4046,90.187513783062,1
"1903_29_TeamNF_TeamA2",34,1020654,1015604,9,137.1477,274.5903,139.7349,238.1946,36.4875400969975,1015.604,1020.654,5.04999999999995,7.22525546475205,-2.58720000000002,36.3957,50.5067447909683,1
"1903_29_TeamNF_TeamA2",56,1760454,1757254,9,132.8892,270.0609,144.6519,228.5709,43.1251807102301,1757.254,1760.454,3.20000000000005,13.4766189719467,-11.7627,41.49,44.4133716964835,1
"1903_30_TeamNB_TeamA1",11,234834,232134,9,166.2831,199.7574,136.8459,222.6744,37.3059999576476,232.134,234.834,2.70000000000002,13.8170370213509,29.4372,-22.917,64.8642628908245,0
"1903_30_TeamNB_TeamA1",123,3918971,3913071,9,64.6059,252.549,135.9396,228.9756,75.1279038922956,3913.071,3918.971,5.90000000000009,12.7335430325923,-71.3337,23.5734,49.8285632525161,1
"1903_30_TeamNB_TeamA1",125,3978121,3974121,9,170.1684,242.3799,136.0737,228.3087,36.8842410458721,3974.121,3978.121,4,9.22106026146804,34.0947,14.0712,61.0571755207363,1
"1903_30_TeamNB_TeamA1",146,4847521,4844221,9,99.1281,215.1447,121.455,245.7864,37.9131143867132,4844.221,4847.521,3.30000000000018,11.4888225414276,-22.3269,-30.6417,20.0574013197124,1
"1903_30_TeamNB_TeamA1",222,7653298,7649248,9,117.5946,221.9802,145.1163,224.133,27.6057696637859,7649.248,7653.298,4.05000000000018,6.8162394231567,-27.5217,-2.15280000000001,12.5727618763739,1
"1903_30_TeamNB_TeamA1",255,8713498,8709048,9,207.4767,244.1421,120.6159,237.3612,87.1250777988175,8709.048,8713.498,4.44999999999891,19.5786691682784,86.8608,6.7809,98.2300241031224,0
"1903_30_TeamNB_TeamA1",33,952284,949384,9,98.271,249.6048,125.1003,225.6957,35.9368390554874,949.384,952.284,2.89999999999998,12.3920134674095,-26.8293,23.9091,21.1541585519254,1
"1903_30_TeamNF_TeamA2",100,2924097,2919797,9,177.2373,208.7751,129.3792,248.0994,61.9418945956612,2919.797,2924.097,4.30000000000018,14.4050917664322,47.8581,-39.3243,71.1354376615481,1
"1903_30_TeamNF_TeamA2",160,4981697,4976347,9,107.0853,259.3968,118.9521,268.4832,14.9460231232258,4976.347,4981.697,5.35000000000036,2.79364918191118,-11.8668,-9.08640000000003,27.551408790296,1
"1903_30_TeamNF_TeamA2",217,6981197,6976347,9,128.898,296.6661,120.7536,263.8233,33.8375643804337,6976.347,6981.197,4.85000000000036,6.97681739802705,8.14439999999999,32.8428,67.3709053910514,1
"1903_30_TeamNF_TeamA2",221,7078197,7073597,9,56.304,218.5014,130.7451,255.4641,83.1126859179753,7073.597,7078.197,4.60000000000036,18.0679751995584,-74.4411,-36.9627,55.3667103769043,1
"1903_30_TeamNF_TeamA2",226,7249697,7245247,9,99.5793,226.0197,146.1975,274.704,67.4048784416232,7245.247,7249.697,4.44999999999982,15.1471636947474,-46.6182,-48.6843,12.0147815868621,1
"1903_30_TeamNF_TeamA2",24,638397,634697,9,70.1799,283.1673,118.4532,274.1763,49.1034578608269,634.697,638.397,3.70000000000005,13.2712048272503,-48.2733,8.99099999999999,64.8362009474645,1
"1903_30_TeamNF_TeamA2",246,8081547,8075797,9,15.9258,218.0523,111.3135,246.3387,99.4933853894318,8075.797,8081.547,5.75,17.3031974590316,-95.3877,-28.2864,95.1025417164547,1
"1903_30_TeamNF_TeamA2",79,2258347,2253897,9,87.6288,192.726,133.044,247.5351,71.1798976808059,2253.897,2258.347,4.45000000000027,15.9954826248992,-45.4152,-54.8091,45.1986467213345,1
"1903_30_TeamNF_TeamA2",94,2719447,2715847,9,70.5768,285.8868,115.1253,272.5947,46.4892328895627,2715.847,2719.447,3.59999999999991,12.9136758026566,-44.5485,13.2921,66.7680755487231,1
"1903_30_TeamNF_TeamA2",98,2847447,2841797,9,122.2536,154.4178,128.6202,242.496,88.3080002649817,2841.797,2847.447,5.65000000000009,15.6297345601735,-6.3666,-88.0782,78.5439270077579,1
"1903_31_TeamNB_TeamA1",114,4020738,4014488,9,184.5894,292.1919,103.2645,256.401,88.8522812471351,4014.488,4020.738,6.25,14.2163649995416,81.3249,35.7909,95.8469791802016,1
"1903_31_TeamNB_TeamA1",119,4172638,4166738,9,109.5204,370.5648,103.6104,264.4227,106.306507290993,4166.738,4172.638,5.89999999999964,18.0180520832203,5.91,106.1421,138.565629992434,0
"1903_31_TeamNB_TeamA1",196,6622188,6618888,9,109.0035,197.8437,131.1309,245.3325,52.3909148249961,6618.888,6622.188,3.30000000000018,15.8760347954525,-22.1274,-47.4888,34.1708332052351,1
"1903_31_TeamNB_TeamA1",202,6798938,6794338,9,162.3504,243.9504,115.1649,234.015,48.2201574386687,6794.338,6798.938,4.60000000000036,10.4826429214489,47.1855,9.93540000000002,53.6970803705378,1
"1903_31_TeamNB_TeamA1",204,7008838,7005138,9,84.6363,305.5626,117.1353,259.6575,56.2446726989321,7005.138,7008.838,3.69999999999982,15.201262891604,-32.499,45.9051,77.8124244349834,0
"1903_31_TeamNB_TeamA1",245,8476788,8473338,9,122.7831,227.0991,131.4855,247.5711,22.244876932903,8473.338,8476.788,3.45000000000073,6.44779041533284,-8.7024,-20.472,13.6903786076208,1
"1903_31_TeamNB_TeamA1",86,2942588,2937988,9,61.4754,251.1999,121.476,237.3972,61.5677393417202,2937.988,2942.588,4.60000000000036,13.3842911612425,-60.0006,13.8027,52.1849879291928,1
"1903_31_TeamNB_TeamA1",91,3084938,3080588,9,57.7164,304.2951,104.2146,254.5107,68.1217225751082,3080.588,3084.938,4.34999999999991,15.6601661092206,-46.4982,49.7844,89.2197080973145,0
"1903_32_TeamNB_TeamA1",15,423138,420138,9,95.8728,277.6779,129.2547,257.3535,39.0823807229038,420.138,423.138,3,13.0274602409679,-33.3819,20.3244,47.8126377462068,1
"1903_32_TeamNB_TeamA1",154,4957377,4951727,9,115.0899,317.553,141.6474,227.5512,93.8382907425855,4951.727,4957.377,5.65000000000055,16.6085470340843,-26.5575,90.0018,85.7042758035444,1
"1903_32_TeamNB_TeamA1",2,21538,15338,9,92.5461,219.1107,143.697,210.0987,51.9387207660143,15.338,21.538,6.2,8.37721302677649,-51.1509,9.012,21.6972965988853,1
"1903_32_TeamNB_TeamA1",48,1442438,1436188,9,49.9692,209.8065,140.8032,222.2604,91.683778179185,1436.188,1442.438,6.25,14.6694045086696,-90.834,-12.4539,64.0019405244091,1
"1903_32_TeamNB_TeamA1",66,1920488,1915388,9,49.2516,239.667,133.6287,248.6661,84.8556350822973,1915.388,1920.488,5.10000000000014,16.6383598200578,-84.3771,-8.9991,61.2303110522885,1
"1903_32_TeamNB_TeamA1",98,3085477,3080627,9,114.3909,286.4139,143.0724,224.1987,68.5080984504022,3080.627,3085.477,4.84999999999991,14.1253811237945,-28.6815,62.2152,54.5907731766093,1
